Model,Accuracy,Precision(긍정),Recall(긍정),F1(긍정),Precision(부정),Recall(부정),F1(부정)
LogisticRegression,0.9188822045410441,0.9228056426332288,0.9142080745341615,0.9184867394695788,0.9150326797385621,0.9235545207605743,0.9192738509076863
DecisionTreeClassifier,0.740151368135067,0.8009732360097324,0.6389751552795031,0.7108615849708486,0.6998063266623629,0.8412883197516492,0.7640528634361233
RandomForestClassifier,0.910343489229575,0.9034351145038167,0.9188664596273292,0.9110854503464203,0.9174891433083301,0.9018238261544431,0.9095890410958904
